index,halte,incoming,outgoing,day_numeric,timestamp,lat,lon,geom,vollcode,stadsdeelcode
11757,Dam,18986,24909,1,2017-12-04 17:00:00,52.373371,4.89147822222222,0101000020E6100000A229C6AADF9013402D23F59ECA2F4A40,A01,A
11758,Dam,15659,22442,1,2017-12-04 18:00:00,52.373371,4.89147822222222,0101000020E6100000A229C6AADF9013402D23F59ECA2F4A40,A01,A
39392,Nieuwezijds Kolk,939,556,2,2017-12-05 07:00:00,52.376012,4.8932885,0101000020E610000053927538BA921340A873452921304A40,A01,A
39393,Nieuwezijds Kolk,2245,1291,2,2017-12-05 08:00:00,52.376012,4.8932885,0101000020E610000053927538BA921340A873452921304A40,A01,A
39394,Nieuwezijds Kolk,2152,1242,2,2017-12-05 09:00:00,52.376012,4.8932885,0101000020E610000053927538BA921340A873452921304A40,A01,A
39395,Nieuwezijds Kolk,2221,1354,2,2017-12-05 10:00:00,52.376012,4.8932885,0101000020E610000053927538BA921340A873452921304A40,A01,A
39396,Nieuwezijds Kolk,2805,1580,2,2017-12-05 11:00:00,52.376012,4.8932885,0101000020E610000053927538BA921340A873452921304A40,A01,A
39397,Nieuwezijds Kolk,2791,1881,2,2017-12-05 12:00:00,52.376012,4.8932885,0101000020E610000053927538BA921340A873452921304A40,A01,A
39398,Nieuwezijds Kolk,2935,2154,2,2017-12-05 13:00:00,52.376012,4.8932885,0101000020E610000053927538BA921340A873452921304A40,A01,A
39399,Nieuwezijds Kolk,3269,2637,2,2017-12-05 14:00:00,52.376012,4.8932885,0101000020E610000053927538BA921340A873452921304A40,A01,A
39400,Nieuwezijds Kolk,3466,2955,2,2017-12-05 15:00:00,52.376012,4.8932885,0101000020E610000053927538BA921340A873452921304A40,A01,A
39401,Nieuwezijds Kolk,3995,3069,2,2017-12-05 16:00:00,52.376012,4.8932885,0101000020E610000053927538BA921340A873452921304A40,A01,A
39402,Nieuwezijds Kolk,4215,3527,2,2017-12-05 17:00:00,52.376012,4.8932885,0101000020E610000053927538BA921340A873452921304A40,A01,A
39403,Nieuwezijds Kolk,3342,3164,2,2017-12-05 18:00:00,52.376012,4.8932885,0101000020E610000053927538BA921340A873452921304A40,A01,A
39404,Nieuwezijds Kolk,2746,2705,2,2017-12-05 19:00:00,52.376012,4.8932885,0101000020E610000053927538BA921340A873452921304A40,A01,A
39405,Nieuwezijds Kolk,1980,1948,2,2017-12-05 20:00:00,52.376012,4.8932885,0101000020E610000053927538BA921340A873452921304A40,A01,A
39406,Nieuwezijds Kolk,1674,1836,2,2017-12-05 21:00:00,52.376012,4.8932885,0101000020E610000053927538BA921340A873452921304A40,A01,A
39407,Nieuwezijds Kolk,1411,1896,2,2017-12-05 22:00:00,52.376012,4.8932885,0101000020E610000053927538BA921340A873452921304A40,A01,A
39408,Nieuwezijds Kolk,860,1673,2,2017-12-05 23:00:00,52.376012,4.8932885,0101000020E610000053927538BA921340A873452921304A40,A01,A
39409,Nieuwezijds Kolk,339,714,1,2017-12-04 00:00:00,52.376012,4.8932885,0101000020E610000053927538BA921340A873452921304A40,A01,A
39410,Nieuwezijds Kolk,24,268,1,2017-12-04 01:00:00,52.376012,4.8932885,0101000020E610000053927538BA921340A873452921304A40,A01,A
39411,Nieuwezijds Kolk,560,411,2,2017-12-05 02:00:00,52.376012,4.8932885,0101000020E610000053927538BA921340A873452921304A40,A01,A
39412,Nieuwezijds Kolk,941,567,4,2017-12-07 07:00:00,52.376012,4.8932885,0101000020E610000053927538BA921340A873452921304A40,A01,A
39413,Nieuwezijds Kolk,2402,1371,4,2017-12-07 08:00:00,52.376012,4.8932885,0101000020E610000053927538BA921340A873452921304A40,A01,A
39414,Nieuwezijds Kolk,2183,1390,4,2017-12-07 09:00:00,52.376012,4.8932885,0101000020E610000053927538BA921340A873452921304A40,A01,A
39415,Nieuwezijds Kolk,2321,1507,4,2017-12-07 10:00:00,52.376012,4.8932885,0101000020E610000053927538BA921340A873452921304A40,A01,A
39416,Nieuwezijds Kolk,2898,1608,4,2017-12-07 11:00:00,52.376012,4.8932885,0101000020E610000053927538BA921340A873452921304A40,A01,A
39417,Nieuwezijds Kolk,3259,2014,4,2017-12-07 12:00:00,52.376012,4.8932885,0101000020E610000053927538BA921340A873452921304A40,A01,A
39418,Nieuwezijds Kolk,3399,2334,4,2017-12-07 13:00:00,52.376012,4.8932885,0101000020E610000053927538BA921340A873452921304A40,A01,A
39419,Nieuwezijds Kolk,3511,2781,4,2017-12-07 14:00:00,52.376012,4.8932885,0101000020E610000053927538BA921340A873452921304A40,A01,A
39420,Nieuwezijds Kolk,3613,3264,4,2017-12-07 15:00:00,52.376012,4.8932885,0101000020E610000053927538BA921340A873452921304A40,A01,A
39421,Nieuwezijds Kolk,3938,3277,4,2017-12-07 16:00:00,52.376012,4.8932885,0101000020E610000053927538BA921340A873452921304A40,A01,A
39422,Nieuwezijds Kolk,4572,3649,4,2017-12-07 17:00:00,52.376012,4.8932885,0101000020E610000053927538BA921340A873452921304A40,A01,A
39423,Nieuwezijds Kolk,3695,3433,4,2017-12-07 18:00:00,52.376012,4.8932885,0101000020E610000053927538BA921340A873452921304A40,A01,A
39424,Nieuwezijds Kolk,3279,2793,4,2017-12-07 19:00:00,52.376012,4.8932885,0101000020E610000053927538BA921340A873452921304A40,A01,A
39425,Nieuwezijds Kolk,2552,2576,4,2017-12-07 20:00:00,52.376012,4.8932885,0101000020E610000053927538BA921340A873452921304A40,A01,A
39426,Nieuwezijds Kolk,1983,2450,4,2017-12-07 21:00:00,52.376012,4.8932885,0101000020E610000053927538BA921340A873452921304A40,A01,A
39427,Nieuwezijds Kolk,1683,2197,4,2017-12-07 22:00:00,52.376012,4.8932885,0101000020E610000053927538BA921340A873452921304A40,A01,A
39428,Nieuwezijds Kolk,1104,2005,4,2017-12-07 23:00:00,52.376012,4.8932885,0101000020E610000053927538BA921340A873452921304A40,A01,A
39429,Nieuwezijds Kolk,372,828,3,2017-12-06 00:00:00,52.376012,4.8932885,0101000020E610000053927538BA921340A873452921304A40,A01,A
39430,Nieuwezijds Kolk,18,326,3,2017-12-06 01:00:00,52.376012,4.8932885,0101000020E610000053927538BA921340A873452921304A40,A01,A
39431,Nieuwezijds Kolk,594,494,4,2017-12-07 02:00:00,52.376012,4.8932885,0101000020E610000053927538BA921340A873452921304A40,A01,A
39432,Nieuwezijds Kolk,931,583,1,2017-12-04 07:00:00,52.376012,4.8932885,0101000020E610000053927538BA921340A873452921304A40,A01,A
39433,Nieuwezijds Kolk,1969,1159,1,2017-12-04 08:00:00,52.376012,4.8932885,0101000020E610000053927538BA921340A873452921304A40,A01,A
39434,Nieuwezijds Kolk,2041,1152,1,2017-12-04 09:00:00,52.376012,4.8932885,0101000020E610000053927538BA921340A873452921304A40,A01,A
39435,Nieuwezijds Kolk,2345,1228,1,2017-12-04 10:00:00,52.376012,4.8932885,0101000020E610000053927538BA921340A873452921304A40,A01,A
39436,Nieuwezijds Kolk,2626,1326,1,2017-12-04 11:00:00,52.376012,4.8932885,0101000020E610000053927538BA921340A873452921304A40,A01,A
39437,Nieuwezijds Kolk,3034,1768,1,2017-12-04 12:00:00,52.376012,4.8932885,0101000020E610000053927538BA921340A873452921304A40,A01,A
39438,Nieuwezijds Kolk,2925,2154,1,2017-12-04 13:00:00,52.376012,4.8932885,0101000020E610000053927538BA921340A873452921304A40,A01,A
39439,Nieuwezijds Kolk,3120,2526,1,2017-12-04 14:00:00,52.376012,4.8932885,0101000020E610000053927538BA921340A873452921304A40,A01,A
39440,Nieuwezijds Kolk,3142,2694,1,2017-12-04 15:00:00,52.376012,4.8932885,0101000020E610000053927538BA921340A873452921304A40,A01,A
39441,Nieuwezijds Kolk,3430,2843,1,2017-12-04 16:00:00,52.376012,4.8932885,0101000020E610000053927538BA921340A873452921304A40,A01,A
39442,Nieuwezijds Kolk,3680,3368,1,2017-12-04 17:00:00,52.376012,4.8932885,0101000020E610000053927538BA921340A873452921304A40,A01,A
39443,Nieuwezijds Kolk,3250,3019,1,2017-12-04 18:00:00,52.376012,4.8932885,0101000020E610000053927538BA921340A873452921304A40,A01,A
39444,Nieuwezijds Kolk,2587,2484,1,2017-12-04 19:00:00,52.376012,4.8932885,0101000020E610000053927538BA921340A873452921304A40,A01,A
39445,Nieuwezijds Kolk,1998,2004,1,2017-12-04 20:00:00,52.376012,4.8932885,0101000020E610000053927538BA921340A873452921304A40,A01,A
39446,Nieuwezijds Kolk,1614,1738,1,2017-12-04 21:00:00,52.376012,4.8932885,0101000020E610000053927538BA921340A873452921304A40,A01,A
39447,Nieuwezijds Kolk,1339,1862,1,2017-12-04 22:00:00,52.376012,4.8932885,0101000020E610000053927538BA921340A873452921304A40,A01,A
39448,Nieuwezijds Kolk,831,1458,1,2017-12-04 23:00:00,52.376012,4.8932885,0101000020E610000053927538BA921340A873452921304A40,A01,A
39449,Nieuwezijds Kolk,229,662,7,2017-12-10 00:00:00,52.376012,4.8932885,0101000020E610000053927538BA921340A873452921304A40,A01,A
39450,Nieuwezijds Kolk,31,282,7,2017-12-10 01:00:00,52.376012,4.8932885,0101000020E610000053927538BA921340A873452921304A40,A01,A
39451,Nieuwezijds Kolk,537,433,1,2017-12-04 02:00:00,52.376012,4.8932885,0101000020E610000053927538BA921340A873452921304A40,A01,A
39452,Nieuwezijds Kolk,965,500,5,2017-12-08 07:00:00,52.376012,4.8932885,0101000020E610000053927538BA921340A873452921304A40,A01,A
39453,Nieuwezijds Kolk,2115,1238,5,2017-12-08 08:00:00,52.376012,4.8932885,0101000020E610000053927538BA921340A873452921304A40,A01,A
39454,Nieuwezijds Kolk,2466,1442,5,2017-12-08 09:00:00,52.376012,4.8932885,0101000020E610000053927538BA921340A873452921304A40,A01,A
39455,Nieuwezijds Kolk,2346,1501,5,2017-12-08 10:00:00,52.376012,4.8932885,0101000020E610000053927538BA921340A873452921304A40,A01,A
39456,Nieuwezijds Kolk,2854,1645,5,2017-12-08 11:00:00,52.376012,4.8932885,0101000020E610000053927538BA921340A873452921304A40,A01,A
39457,Nieuwezijds Kolk,3086,2050,5,2017-12-08 12:00:00,52.376012,4.8932885,0101000020E610000053927538BA921340A873452921304A40,A01,A
39458,Nieuwezijds Kolk,3289,2363,5,2017-12-08 13:00:00,52.376012,4.8932885,0101000020E610000053927538BA921340A873452921304A40,A01,A
39459,Nieuwezijds Kolk,3437,2799,5,2017-12-08 14:00:00,52.376012,4.8932885,0101000020E610000053927538BA921340A873452921304A40,A01,A
39460,Nieuwezijds Kolk,3682,3132,5,2017-12-08 15:00:00,52.376012,4.8932885,0101000020E610000053927538BA921340A873452921304A40,A01,A
39461,Nieuwezijds Kolk,3849,3273,5,2017-12-08 16:00:00,52.376012,4.8932885,0101000020E610000053927538BA921340A873452921304A40,A01,A
39462,Nieuwezijds Kolk,4322,3672,5,2017-12-08 17:00:00,52.376012,4.8932885,0101000020E610000053927538BA921340A873452921304A40,A01,A
39463,Nieuwezijds Kolk,3936,3490,5,2017-12-08 18:00:00,52.376012,4.8932885,0101000020E610000053927538BA921340A873452921304A40,A01,A
39464,Nieuwezijds Kolk,3142,2809,5,2017-12-08 19:00:00,52.376012,4.8932885,0101000020E610000053927538BA921340A873452921304A40,A01,A
39465,Nieuwezijds Kolk,2620,2469,5,2017-12-08 20:00:00,52.376012,4.8932885,0101000020E610000053927538BA921340A873452921304A40,A01,A
39466,Nieuwezijds Kolk,2366,2339,5,2017-12-08 21:00:00,52.376012,4.8932885,0101000020E610000053927538BA921340A873452921304A40,A01,A
39467,Nieuwezijds Kolk,2035,2499,5,2017-12-08 22:00:00,52.376012,4.8932885,0101000020E610000053927538BA921340A873452921304A40,A01,A
39468,Nieuwezijds Kolk,1599,2179,5,2017-12-08 23:00:00,52.376012,4.8932885,0101000020E610000053927538BA921340A873452921304A40,A01,A
39469,Nieuwezijds Kolk,550,1294,4,2017-12-07 00:00:00,52.376012,4.8932885,0101000020E610000053927538BA921340A873452921304A40,A01,A
39470,Nieuwezijds Kolk,78,548,4,2017-12-07 01:00:00,52.376012,4.8932885,0101000020E610000053927538BA921340A873452921304A40,A01,A
39471,Nieuwezijds Kolk,655,549,5,2017-12-08 02:00:00,52.376012,4.8932885,0101000020E610000053927538BA921340A873452921304A40,A01,A
39472,Nieuwezijds Kolk,1013,619,3,2017-12-06 07:00:00,52.376012,4.8932885,0101000020E610000053927538BA921340A873452921304A40,A01,A
39473,Nieuwezijds Kolk,2308,1377,3,2017-12-06 08:00:00,52.376012,4.8932885,0101000020E610000053927538BA921340A873452921304A40,A01,A
39474,Nieuwezijds Kolk,2376,1420,3,2017-12-06 09:00:00,52.376012,4.8932885,0101000020E610000053927538BA921340A873452921304A40,A01,A
39475,Nieuwezijds Kolk,2293,1577,3,2017-12-06 10:00:00,52.376012,4.8932885,0101000020E610000053927538BA921340A873452921304A40,A01,A
39476,Nieuwezijds Kolk,2766,1624,3,2017-12-06 11:00:00,52.376012,4.8932885,0101000020E610000053927538BA921340A873452921304A40,A01,A
39477,Nieuwezijds Kolk,3188,1890,3,2017-12-06 12:00:00,52.376012,4.8932885,0101000020E610000053927538BA921340A873452921304A40,A01,A
39478,Nieuwezijds Kolk,3362,2116,3,2017-12-06 13:00:00,52.376012,4.8932885,0101000020E610000053927538BA921340A873452921304A40,A01,A
39479,Nieuwezijds Kolk,3573,2578,3,2017-12-06 14:00:00,52.376012,4.8932885,0101000020E610000053927538BA921340A873452921304A40,A01,A
39480,Nieuwezijds Kolk,3575,2885,3,2017-12-06 15:00:00,52.376012,4.8932885,0101000020E610000053927538BA921340A873452921304A40,A01,A
39481,Nieuwezijds Kolk,3918,3072,3,2017-12-06 16:00:00,52.376012,4.8932885,0101000020E610000053927538BA921340A873452921304A40,A01,A
39482,Nieuwezijds Kolk,4451,3544,3,2017-12-06 17:00:00,52.376012,4.8932885,0101000020E610000053927538BA921340A873452921304A40,A01,A
39483,Nieuwezijds Kolk,4006,3280,3,2017-12-06 18:00:00,52.376012,4.8932885,0101000020E610000053927538BA921340A873452921304A40,A01,A
39484,Nieuwezijds Kolk,2944,2887,3,2017-12-06 19:00:00,52.376012,4.8932885,0101000020E610000053927538BA921340A873452921304A40,A01,A
39485,Nieuwezijds Kolk,2150,2189,3,2017-12-06 20:00:00,52.376012,4.8932885,0101000020E610000053927538BA921340A873452921304A40,A01,A
39486,Nieuwezijds Kolk,1994,1964,3,2017-12-06 21:00:00,52.376012,4.8932885,0101000020E610000053927538BA921340A873452921304A40,A01,A
39487,Nieuwezijds Kolk,1596,1976,3,2017-12-06 22:00:00,52.376012,4.8932885,0101000020E610000053927538BA921340A873452921304A40,A01,A
39488,Nieuwezijds Kolk,1055,1778,3,2017-12-06 23:00:00,52.376012,4.8932885,0101000020E610000053927538BA921340A873452921304A40,A01,A
39489,Nieuwezijds Kolk,243,821,2,2017-12-05 00:00:00,52.376012,4.8932885,0101000020E610000053927538BA921340A873452921304A40,A01,A
39490,Nieuwezijds Kolk,25,305,2,2017-12-05 01:00:00,52.376012,4.8932885,0101000020E610000053927538BA921340A873452921304A40,A01,A
39491,Nieuwezijds Kolk,627,542,3,2017-12-06 02:00:00,52.376012,4.8932885,0101000020E610000053927538BA921340A873452921304A40,A01,A
39492,Nieuwezijds Kolk,583,187,6,2017-12-09 07:00:00,52.376012,4.8932885,0101000020E610000053927538BA921340A873452921304A40,A01,A
39493,Nieuwezijds Kolk,1177,441,6,2017-12-09 08:00:00,52.376012,4.8932885,0101000020E610000053927538BA921340A873452921304A40,A01,A
39494,Nieuwezijds Kolk,1916,953,6,2017-12-09 09:00:00,52.376012,4.8932885,0101000020E610000053927538BA921340A873452921304A40,A01,A
39495,Nieuwezijds Kolk,2617,1313,6,2017-12-09 10:00:00,52.376012,4.8932885,0101000020E610000053927538BA921340A873452921304A40,A01,A
39496,Nieuwezijds Kolk,3376,1679,6,2017-12-09 11:00:00,52.376012,4.8932885,0101000020E610000053927538BA921340A873452921304A40,A01,A
39497,Nieuwezijds Kolk,3448,2026,6,2017-12-09 12:00:00,52.376012,4.8932885,0101000020E610000053927538BA921340A873452921304A40,A01,A
39498,Nieuwezijds Kolk,3832,2604,6,2017-12-09 13:00:00,52.376012,4.8932885,0101000020E610000053927538BA921340A873452921304A40,A01,A
39499,Nieuwezijds Kolk,3763,3059,6,2017-12-09 14:00:00,52.376012,4.8932885,0101000020E610000053927538BA921340A873452921304A40,A01,A
39500,Nieuwezijds Kolk,3974,3499,6,2017-12-09 15:00:00,52.376012,4.8932885,0101000020E610000053927538BA921340A873452921304A40,A01,A
39501,Nieuwezijds Kolk,3991,3838,6,2017-12-09 16:00:00,52.376012,4.8932885,0101000020E610000053927538BA921340A873452921304A40,A01,A
39502,Nieuwezijds Kolk,3901,3690,6,2017-12-09 17:00:00,52.376012,4.8932885,0101000020E610000053927538BA921340A873452921304A40,A01,A
39503,Nieuwezijds Kolk,3466,3514,6,2017-12-09 18:00:00,52.376012,4.8932885,0101000020E610000053927538BA921340A873452921304A40,A01,A
39504,Nieuwezijds Kolk,3144,2963,6,2017-12-09 19:00:00,52.376012,4.8932885,0101000020E610000053927538BA921340A873452921304A40,A01,A
39505,Nieuwezijds Kolk,2689,2582,6,2017-12-09 20:00:00,52.376012,4.8932885,0101000020E610000053927538BA921340A873452921304A40,A01,A
39506,Nieuwezijds Kolk,2355,2439,6,2017-12-09 21:00:00,52.376012,4.8932885,0101000020E610000053927538BA921340A873452921304A40,A01,A
39507,Nieuwezijds Kolk,2294,2644,6,2017-12-09 22:00:00,52.376012,4.8932885,0101000020E610000053927538BA921340A873452921304A40,A01,A
39508,Nieuwezijds Kolk,1510,2426,6,2017-12-09 23:00:00,52.376012,4.8932885,0101000020E610000053927538BA921340A873452921304A40,A01,A
39509,Nieuwezijds Kolk,706,1420,5,2017-12-08 00:00:00,52.376012,4.8932885,0101000020E610000053927538BA921340A873452921304A40,A01,A
39510,Nieuwezijds Kolk,84,668,5,2017-12-08 01:00:00,52.376012,4.8932885,0101000020E610000053927538BA921340A873452921304A40,A01,A
39511,Nieuwezijds Kolk,540,1014,6,2017-12-09 02:00:00,52.376012,4.8932885,0101000020E610000053927538BA921340A873452921304A40,A01,A
39512,Nieuwezijds Kolk,431,164,7,2017-12-10 07:00:00,52.376012,4.8932885,0101000020E610000053927538BA921340A873452921304A40,A01,A
39513,Nieuwezijds Kolk,877,401,7,2017-12-10 08:00:00,52.376012,4.8932885,0101000020E610000053927538BA921340A873452921304A40,A01,A
39514,Nieuwezijds Kolk,1274,766,7,2017-12-10 09:00:00,52.376012,4.8932885,0101000020E610000053927538BA921340A873452921304A40,A01,A
39515,Nieuwezijds Kolk,2205,1182,7,2017-12-10 10:00:00,52.376012,4.8932885,0101000020E610000053927538BA921340A873452921304A40,A01,A
39516,Nieuwezijds Kolk,2845,1375,7,2017-12-10 11:00:00,52.376012,4.8932885,0101000020E610000053927538BA921340A873452921304A40,A01,A
39517,Nieuwezijds Kolk,3355,2088,7,2017-12-10 12:00:00,52.376012,4.8932885,0101000020E610000053927538BA921340A873452921304A40,A01,A
39518,Nieuwezijds Kolk,3435,2207,7,2017-12-10 13:00:00,52.376012,4.8932885,0101000020E610000053927538BA921340A873452921304A40,A01,A
39519,Nieuwezijds Kolk,3502,2674,7,2017-12-10 14:00:00,52.376012,4.8932885,0101000020E610000053927538BA921340A873452921304A40,A01,A
39520,Nieuwezijds Kolk,3541,2906,7,2017-12-10 15:00:00,52.376012,4.8932885,0101000020E610000053927538BA921340A873452921304A40,A01,A
39521,Nieuwezijds Kolk,3258,3125,7,2017-12-10 16:00:00,52.376012,4.8932885,0101000020E610000053927538BA921340A873452921304A40,A01,A
39522,Nieuwezijds Kolk,3244,3092,7,2017-12-10 17:00:00,52.376012,4.8932885,0101000020E610000053927538BA921340A873452921304A40,A01,A
39523,Nieuwezijds Kolk,3020,3052,7,2017-12-10 18:00:00,52.376012,4.8932885,0101000020E610000053927538BA921340A873452921304A40,A01,A
39524,Nieuwezijds Kolk,2591,2685,7,2017-12-10 19:00:00,52.376012,4.8932885,0101000020E610000053927538BA921340A873452921304A40,A01,A
39525,Nieuwezijds Kolk,1999,2105,7,2017-12-10 20:00:00,52.376012,4.8932885,0101000020E610000053927538BA921340A873452921304A40,A01,A
39526,Nieuwezijds Kolk,1717,1842,7,2017-12-10 21:00:00,52.376012,4.8932885,0101000020E610000053927538BA921340A873452921304A40,A01,A
39527,Nieuwezijds Kolk,1435,2023,7,2017-12-10 22:00:00,52.376012,4.8932885,0101000020E610000053927538BA921340A873452921304A40,A01,A
39528,Nieuwezijds Kolk,858,1644,7,2017-12-10 23:00:00,52.376012,4.8932885,0101000020E610000053927538BA921340A873452921304A40,A01,A
39529,Nieuwezijds Kolk,263,721,6,2017-12-09 00:00:00,52.376012,4.8932885,0101000020E610000053927538BA921340A873452921304A40,A01,A
39530,Nieuwezijds Kolk,33,287,6,2017-12-09 01:00:00,52.376012,4.8932885,0101000020E610000053927538BA921340A873452921304A40,A01,A
39531,Nieuwezijds Kolk,248,1120,7,2017-12-10 02:00:00,52.376012,4.8932885,0101000020E610000053927538BA921340A873452921304A40,A01,A
11707,Dam,4107,1156,2,2017-12-05 07:00:00,52.373371,4.89147822222222,0101000020E6100000A229C6AADF9013402D23F59ECA2F4A40,A01,A
11708,Dam,10327,2696,2,2017-12-05 08:00:00,52.373371,4.89147822222222,0101000020E6100000A229C6AADF9013402D23F59ECA2F4A40,A01,A
11709,Dam,13382,3707,2,2017-12-05 09:00:00,52.373371,4.89147822222222,0101000020E6100000A229C6AADF9013402D23F59ECA2F4A40,A01,A
11710,Dam,16604,5110,2,2017-12-05 10:00:00,52.373371,4.89147822222222,0101000020E6100000A229C6AADF9013402D23F59ECA2F4A40,A01,A
11711,Dam,19112,7820,2,2017-12-05 11:00:00,52.373371,4.89147822222222,0101000020E6100000A229C6AADF9013402D23F59ECA2F4A40,A01,A
11712,Dam,18637,10708,2,2017-12-05 12:00:00,52.373371,4.89147822222222,0101000020E6100000A229C6AADF9013402D23F59ECA2F4A40,A01,A
11713,Dam,19419,13865,2,2017-12-05 13:00:00,52.373371,4.89147822222222,0101000020E6100000A229C6AADF9013402D23F59ECA2F4A40,A01,A
11714,Dam,19268,17158,2,2017-12-05 14:00:00,52.373371,4.89147822222222,0101000020E6100000A229C6AADF9013402D23F59ECA2F4A40,A01,A
11715,Dam,20266,21555,2,2017-12-05 15:00:00,52.373371,4.89147822222222,0101000020E6100000A229C6AADF9013402D23F59ECA2F4A40,A01,A
11716,Dam,20564,23283,2,2017-12-05 16:00:00,52.373371,4.89147822222222,0101000020E6100000A229C6AADF9013402D23F59ECA2F4A40,A01,A
11717,Dam,19259,26324,2,2017-12-05 17:00:00,52.373371,4.89147822222222,0101000020E6100000A229C6AADF9013402D23F59ECA2F4A40,A01,A
11718,Dam,15946,23418,2,2017-12-05 18:00:00,52.373371,4.89147822222222,0101000020E6100000A229C6AADF9013402D23F59ECA2F4A40,A01,A
11719,Dam,12240,18394,2,2017-12-05 19:00:00,52.373371,4.89147822222222,0101000020E6100000A229C6AADF9013402D23F59ECA2F4A40,A01,A
11720,Dam,9523,14932,2,2017-12-05 20:00:00,52.373371,4.89147822222222,0101000020E6100000A229C6AADF9013402D23F59ECA2F4A40,A01,A
11721,Dam,7980,12889,2,2017-12-05 21:00:00,52.373371,4.89147822222222,0101000020E6100000A229C6AADF9013402D23F59ECA2F4A40,A01,A
11722,Dam,6030,12247,2,2017-12-05 22:00:00,52.373371,4.89147822222222,0101000020E6100000A229C6AADF9013402D23F59ECA2F4A40,A01,A
11723,Dam,3346,10101,2,2017-12-05 23:00:00,52.373371,4.89147822222222,0101000020E6100000A229C6AADF9013402D23F59ECA2F4A40,A01,A
11724,Dam,891,4051,1,2017-12-04 00:00:00,52.373371,4.89147822222222,0101000020E6100000A229C6AADF9013402D23F59ECA2F4A40,A01,A
11725,Dam,146,1206,1,2017-12-04 01:00:00,52.373371,4.89147822222222,0101000020E6100000A229C6AADF9013402D23F59ECA2F4A40,A01,A
11726,Dam,3493,1984,2,2017-12-05 02:00:00,52.373371,4.89147822222222,0101000020E6100000A229C6AADF9013402D23F59ECA2F4A40,A01,A
11727,Dam,4193,1212,4,2017-12-07 07:00:00,52.373371,4.89147822222222,0101000020E6100000A229C6AADF9013402D23F59ECA2F4A40,A01,A
11728,Dam,10772,2781,4,2017-12-07 08:00:00,52.373371,4.89147822222222,0101000020E6100000A229C6AADF9013402D23F59ECA2F4A40,A01,A
11729,Dam,13790,3481,4,2017-12-07 09:00:00,52.373371,4.89147822222222,0101000020E6100000A229C6AADF9013402D23F59ECA2F4A40,A01,A
11730,Dam,17335,5415,4,2017-12-07 10:00:00,52.373371,4.89147822222222,0101000020E6100000A229C6AADF9013402D23F59ECA2F4A40,A01,A
11731,Dam,19902,8018,4,2017-12-07 11:00:00,52.373371,4.89147822222222,0101000020E6100000A229C6AADF9013402D23F59ECA2F4A40,A01,A
11732,Dam,21277,11711,4,2017-12-07 12:00:00,52.373371,4.89147822222222,0101000020E6100000A229C6AADF9013402D23F59ECA2F4A40,A01,A
11733,Dam,20750,15077,4,2017-12-07 13:00:00,52.373371,4.89147822222222,0101000020E6100000A229C6AADF9013402D23F59ECA2F4A40,A01,A
11734,Dam,21117,18128,4,2017-12-07 14:00:00,52.373371,4.89147822222222,0101000020E6100000A229C6AADF9013402D23F59ECA2F4A40,A01,A
11735,Dam,21906,21454,4,2017-12-07 15:00:00,52.373371,4.89147822222222,0101000020E6100000A229C6AADF9013402D23F59ECA2F4A40,A01,A
11736,Dam,22663,24068,4,2017-12-07 16:00:00,52.373371,4.89147822222222,0101000020E6100000A229C6AADF9013402D23F59ECA2F4A40,A01,A
11737,Dam,23404,26618,4,2017-12-07 17:00:00,52.373371,4.89147822222222,0101000020E6100000A229C6AADF9013402D23F59ECA2F4A40,A01,A
11738,Dam,19534,25028,4,2017-12-07 18:00:00,52.373371,4.89147822222222,0101000020E6100000A229C6AADF9013402D23F59ECA2F4A40,A01,A
11739,Dam,15852,20667,4,2017-12-07 19:00:00,52.373371,4.89147822222222,0101000020E6100000A229C6AADF9013402D23F59ECA2F4A40,A01,A
11740,Dam,10916,19359,4,2017-12-07 20:00:00,52.373371,4.89147822222222,0101000020E6100000A229C6AADF9013402D23F59ECA2F4A40,A01,A
11741,Dam,8507,19593,4,2017-12-07 21:00:00,52.373371,4.89147822222222,0101000020E6100000A229C6AADF9013402D23F59ECA2F4A40,A01,A
11742,Dam,6369,13821,4,2017-12-07 22:00:00,52.373371,4.89147822222222,0101000020E6100000A229C6AADF9013402D23F59ECA2F4A40,A01,A
11743,Dam,3814,10810,4,2017-12-07 23:00:00,52.373371,4.89147822222222,0101000020E6100000A229C6AADF9013402D23F59ECA2F4A40,A01,A
11744,Dam,1120,4335,3,2017-12-06 00:00:00,52.373371,4.89147822222222,0101000020E6100000A229C6AADF9013402D23F59ECA2F4A40,A01,A
11745,Dam,226,1214,3,2017-12-06 01:00:00,52.373371,4.89147822222222,0101000020E6100000A229C6AADF9013402D23F59ECA2F4A40,A01,A
11746,Dam,3865,2072,4,2017-12-07 02:00:00,52.373371,4.89147822222222,0101000020E6100000A229C6AADF9013402D23F59ECA2F4A40,A01,A
11747,Dam,4111,1245,1,2017-12-04 07:00:00,52.373371,4.89147822222222,0101000020E6100000A229C6AADF9013402D23F59ECA2F4A40,A01,A
11748,Dam,10166,2584,1,2017-12-04 08:00:00,52.373371,4.89147822222222,0101000020E6100000A229C6AADF9013402D23F59ECA2F4A40,A01,A
11749,Dam,11170,3673,1,2017-12-04 09:00:00,52.373371,4.89147822222222,0101000020E6100000A229C6AADF9013402D23F59ECA2F4A40,A01,A
11750,Dam,15684,4850,1,2017-12-04 10:00:00,52.373371,4.89147822222222,0101000020E6100000A229C6AADF9013402D23F59ECA2F4A40,A01,A
11751,Dam,17983,6691,1,2017-12-04 11:00:00,52.373371,4.89147822222222,0101000020E6100000A229C6AADF9013402D23F59ECA2F4A40,A01,A
11752,Dam,19233,9986,1,2017-12-04 12:00:00,52.373371,4.89147822222222,0101000020E6100000A229C6AADF9013402D23F59ECA2F4A40,A01,A
11753,Dam,18862,13739,1,2017-12-04 13:00:00,52.373371,4.89147822222222,0101000020E6100000A229C6AADF9013402D23F59ECA2F4A40,A01,A
11754,Dam,19537,17157,1,2017-12-04 14:00:00,52.373371,4.89147822222222,0101000020E6100000A229C6AADF9013402D23F59ECA2F4A40,A01,A
11755,Dam,19696,19719,1,2017-12-04 15:00:00,52.373371,4.89147822222222,0101000020E6100000A229C6AADF9013402D23F59ECA2F4A40,A01,A
11756,Dam,19398,22012,1,2017-12-04 16:00:00,52.373371,4.89147822222222,0101000020E6100000A229C6AADF9013402D23F59ECA2F4A40,A01,A
11759,Dam,11466,17196,1,2017-12-04 19:00:00,52.373371,4.89147822222222,0101000020E6100000A229C6AADF9013402D23F59ECA2F4A40,A01,A
11760,Dam,8976,13703,1,2017-12-04 20:00:00,52.373371,4.89147822222222,0101000020E6100000A229C6AADF9013402D23F59ECA2F4A40,A01,A
11761,Dam,7395,12838,1,2017-12-04 21:00:00,52.373371,4.89147822222222,0101000020E6100000A229C6AADF9013402D23F59ECA2F4A40,A01,A
11762,Dam,5742,12008,1,2017-12-04 22:00:00,52.373371,4.89147822222222,0101000020E6100000A229C6AADF9013402D23F59ECA2F4A40,A01,A
11763,Dam,3194,9886,1,2017-12-04 23:00:00,52.373371,4.89147822222222,0101000020E6100000A229C6AADF9013402D23F59ECA2F4A40,A01,A
11764,Dam,867,3782,7,2017-12-10 00:00:00,52.373371,4.89147822222222,0101000020E6100000A229C6AADF9013402D23F59ECA2F4A40,A01,A
11765,Dam,183,1179,7,2017-12-10 01:00:00,52.373371,4.89147822222222,0101000020E6100000A229C6AADF9013402D23F59ECA2F4A40,A01,A
11766,Dam,3546,2045,1,2017-12-04 02:00:00,52.373371,4.89147822222222,0101000020E6100000A229C6AADF9013402D23F59ECA2F4A40,A01,A
11767,Dam,3994,1218,5,2017-12-08 07:00:00,52.373371,4.89147822222222,0101000020E6100000A229C6AADF9013402D23F59ECA2F4A40,A01,A
11768,Dam,10234,2626,5,2017-12-08 08:00:00,52.373371,4.89147822222222,0101000020E6100000A229C6AADF9013402D23F59ECA2F4A40,A01,A
11769,Dam,13699,3747,5,2017-12-08 09:00:00,52.373371,4.89147822222222,0101000020E6100000A229C6AADF9013402D23F59ECA2F4A40,A01,A
11770,Dam,16769,5491,5,2017-12-08 10:00:00,52.373371,4.89147822222222,0101000020E6100000A229C6AADF9013402D23F59ECA2F4A40,A01,A
11771,Dam,19521,8227,5,2017-12-08 11:00:00,52.373371,4.89147822222222,0101000020E6100000A229C6AADF9013402D23F59ECA2F4A40,A01,A
11772,Dam,20449,11310,5,2017-12-08 12:00:00,52.373371,4.89147822222222,0101000020E6100000A229C6AADF9013402D23F59ECA2F4A40,A01,A
11773,Dam,21116,15097,5,2017-12-08 13:00:00,52.373371,4.89147822222222,0101000020E6100000A229C6AADF9013402D23F59ECA2F4A40,A01,A
11774,Dam,20872,18317,5,2017-12-08 14:00:00,52.373371,4.89147822222222,0101000020E6100000A229C6AADF9013402D23F59ECA2F4A40,A01,A
11775,Dam,21799,21363,5,2017-12-08 15:00:00,52.373371,4.89147822222222,0101000020E6100000A229C6AADF9013402D23F59ECA2F4A40,A01,A
11776,Dam,21227,23961,5,2017-12-08 16:00:00,52.373371,4.89147822222222,0101000020E6100000A229C6AADF9013402D23F59ECA2F4A40,A01,A
11777,Dam,20624,25943,5,2017-12-08 17:00:00,52.373371,4.89147822222222,0101000020E6100000A229C6AADF9013402D23F59ECA2F4A40,A01,A
11778,Dam,17681,24523,5,2017-12-08 18:00:00,52.373371,4.89147822222222,0101000020E6100000A229C6AADF9013402D23F59ECA2F4A40,A01,A
11779,Dam,14906,19691,5,2017-12-08 19:00:00,52.373371,4.89147822222222,0101000020E6100000A229C6AADF9013402D23F59ECA2F4A40,A01,A
11780,Dam,11628,15235,5,2017-12-08 20:00:00,52.373371,4.89147822222222,0101000020E6100000A229C6AADF9013402D23F59ECA2F4A40,A01,A
11781,Dam,9910,15207,5,2017-12-08 21:00:00,52.373371,4.89147822222222,0101000020E6100000A229C6AADF9013402D23F59ECA2F4A40,A01,A
11782,Dam,8478,13853,5,2017-12-08 22:00:00,52.373371,4.89147822222222,0101000020E6100000A229C6AADF9013402D23F59ECA2F4A40,A01,A
11783,Dam,5592,12933,5,2017-12-08 23:00:00,52.373371,4.89147822222222,0101000020E6100000A229C6AADF9013402D23F59ECA2F4A40,A01,A
11784,Dam,1882,6015,4,2017-12-07 00:00:00,52.373371,4.89147822222222,0101000020E6100000A229C6AADF9013402D23F59ECA2F4A40,A01,A
11785,Dam,373,2041,4,2017-12-07 01:00:00,52.373371,4.89147822222222,0101000020E6100000A229C6AADF9013402D23F59ECA2F4A40,A01,A
11786,Dam,3678,2405,5,2017-12-08 02:00:00,52.373371,4.89147822222222,0101000020E6100000A229C6AADF9013402D23F59ECA2F4A40,A01,A
11787,Dam,4418,1214,3,2017-12-06 07:00:00,52.373371,4.89147822222222,0101000020E6100000A229C6AADF9013402D23F59ECA2F4A40,A01,A
11788,Dam,10794,2756,3,2017-12-06 08:00:00,52.373371,4.89147822222222,0101000020E6100000A229C6AADF9013402D23F59ECA2F4A40,A01,A
11789,Dam,13383,3733,3,2017-12-06 09:00:00,52.373371,4.89147822222222,0101000020E6100000A229C6AADF9013402D23F59ECA2F4A40,A01,A
11790,Dam,16622,5487,3,2017-12-06 10:00:00,52.373371,4.89147822222222,0101000020E6100000A229C6AADF9013402D23F59ECA2F4A40,A01,A
11791,Dam,19627,8196,3,2017-12-06 11:00:00,52.373371,4.89147822222222,0101000020E6100000A229C6AADF9013402D23F59ECA2F4A40,A01,A
11792,Dam,19955,11186,3,2017-12-06 12:00:00,52.373371,4.89147822222222,0101000020E6100000A229C6AADF9013402D23F59ECA2F4A40,A01,A
11793,Dam,19966,14537,3,2017-12-06 13:00:00,52.373371,4.89147822222222,0101000020E6100000A229C6AADF9013402D23F59ECA2F4A40,A01,A
11794,Dam,21036,18043,3,2017-12-06 14:00:00,52.373371,4.89147822222222,0101000020E6100000A229C6AADF9013402D23F59ECA2F4A40,A01,A
11795,Dam,20514,20976,3,2017-12-06 15:00:00,52.373371,4.89147822222222,0101000020E6100000A229C6AADF9013402D23F59ECA2F4A40,A01,A
11796,Dam,20271,23516,3,2017-12-06 16:00:00,52.373371,4.89147822222222,0101000020E6100000A229C6AADF9013402D23F59ECA2F4A40,A01,A
11797,Dam,21054,26375,3,2017-12-06 17:00:00,52.373371,4.89147822222222,0101000020E6100000A229C6AADF9013402D23F59ECA2F4A40,A01,A
11798,Dam,16797,24311,3,2017-12-06 18:00:00,52.373371,4.89147822222222,0101000020E6100000A229C6AADF9013402D23F59ECA2F4A40,A01,A
11799,Dam,12593,19058,3,2017-12-06 19:00:00,52.373371,4.89147822222222,0101000020E6100000A229C6AADF9013402D23F59ECA2F4A40,A01,A
11800,Dam,9659,15440,3,2017-12-06 20:00:00,52.373371,4.89147822222222,0101000020E6100000A229C6AADF9013402D23F59ECA2F4A40,A01,A
11801,Dam,7960,13410,3,2017-12-06 21:00:00,52.373371,4.89147822222222,0101000020E6100000A229C6AADF9013402D23F59ECA2F4A40,A01,A
11802,Dam,6280,12853,3,2017-12-06 22:00:00,52.373371,4.89147822222222,0101000020E6100000A229C6AADF9013402D23F59ECA2F4A40,A01,A
11803,Dam,3471,10461,3,2017-12-06 23:00:00,52.373371,4.89147822222222,0101000020E6100000A229C6AADF9013402D23F59ECA2F4A40,A01,A
11804,Dam,907,4117,2,2017-12-05 00:00:00,52.373371,4.89147822222222,0101000020E6100000A229C6AADF9013402D23F59ECA2F4A40,A01,A
11805,Dam,164,1239,2,2017-12-05 01:00:00,52.373371,4.89147822222222,0101000020E6100000A229C6AADF9013402D23F59ECA2F4A40,A01,A
11806,Dam,3565,2036,3,2017-12-06 02:00:00,52.373371,4.89147822222222,0101000020E6100000A229C6AADF9013402D23F59ECA2F4A40,A01,A
11807,Dam,2188,582,6,2017-12-09 07:00:00,52.373371,4.89147822222222,0101000020E6100000A229C6AADF9013402D23F59ECA2F4A40,A01,A
11808,Dam,5468,1301,6,2017-12-09 08:00:00,52.373371,4.89147822222222,0101000020E6100000A229C6AADF9013402D23F59ECA2F4A40,A01,A
11809,Dam,11284,2832,6,2017-12-09 09:00:00,52.373371,4.89147822222222,0101000020E6100000A229C6AADF9013402D23F59ECA2F4A40,A01,A
11810,Dam,17324,4805,6,2017-12-09 10:00:00,52.373371,4.89147822222222,0101000020E6100000A229C6AADF9013402D23F59ECA2F4A40,A01,A
11811,Dam,22559,7636,6,2017-12-09 11:00:00,52.373371,4.89147822222222,0101000020E6100000A229C6AADF9013402D23F59ECA2F4A40,A01,A
11812,Dam,23380,11319,6,2017-12-09 12:00:00,52.373371,4.89147822222222,0101000020E6100000A229C6AADF9013402D23F59ECA2F4A40,A01,A
11813,Dam,24806,14651,6,2017-12-09 13:00:00,52.373371,4.89147822222222,0101000020E6100000A229C6AADF9013402D23F59ECA2F4A40,A01,A
11814,Dam,24716,19597,6,2017-12-09 14:00:00,52.373371,4.89147822222222,0101000020E6100000A229C6AADF9013402D23F59ECA2F4A40,A01,A
11815,Dam,23443,23558,6,2017-12-09 15:00:00,52.373371,4.89147822222222,0101000020E6100000A229C6AADF9013402D23F59ECA2F4A40,A01,A
11816,Dam,22242,26472,6,2017-12-09 16:00:00,52.373371,4.89147822222222,0101000020E6100000A229C6AADF9013402D23F59ECA2F4A40,A01,A
11817,Dam,19730,27941,6,2017-12-09 17:00:00,52.373371,4.89147822222222,0101000020E6100000A229C6AADF9013402D23F59ECA2F4A40,A01,A
11818,Dam,16696,26558,6,2017-12-09 18:00:00,52.373371,4.89147822222222,0101000020E6100000A229C6AADF9013402D23F59ECA2F4A40,A01,A
11819,Dam,14385,21642,6,2017-12-09 19:00:00,52.373371,4.89147822222222,0101000020E6100000A229C6AADF9013402D23F59ECA2F4A40,A01,A
11820,Dam,11926,17400,6,2017-12-09 20:00:00,52.373371,4.89147822222222,0101000020E6100000A229C6AADF9013402D23F59ECA2F4A40,A01,A
11821,Dam,11033,15286,6,2017-12-09 21:00:00,52.373371,4.89147822222222,0101000020E6100000A229C6AADF9013402D23F59ECA2F4A40,A01,A
11822,Dam,9183,14828,6,2017-12-09 22:00:00,52.373371,4.89147822222222,0101000020E6100000A229C6AADF9013402D23F59ECA2F4A40,A01,A
11823,Dam,6134,13615,6,2017-12-09 23:00:00,52.373371,4.89147822222222,0101000020E6100000A229C6AADF9013402D23F59ECA2F4A40,A01,A
11824,Dam,2063,6357,5,2017-12-08 00:00:00,52.373371,4.89147822222222,0101000020E6100000A229C6AADF9013402D23F59ECA2F4A40,A01,A
11825,Dam,544,2666,5,2017-12-08 01:00:00,52.373371,4.89147822222222,0101000020E6100000A229C6AADF9013402D23F59ECA2F4A40,A01,A
11826,Dam,2885,4181,6,2017-12-09 02:00:00,52.373371,4.89147822222222,0101000020E6100000A229C6AADF9013402D23F59ECA2F4A40,A01,A
11827,Dam,1843,654,7,2017-12-10 07:00:00,52.373371,4.89147822222222,0101000020E6100000A229C6AADF9013402D23F59ECA2F4A40,A01,A
11828,Dam,3575,1138,7,2017-12-10 08:00:00,52.373371,4.89147822222222,0101000020E6100000A229C6AADF9013402D23F59ECA2F4A40,A01,A
11829,Dam,7225,2363,7,2017-12-10 09:00:00,52.373371,4.89147822222222,0101000020E6100000A229C6AADF9013402D23F59ECA2F4A40,A01,A
11830,Dam,14421,3778,7,2017-12-10 10:00:00,52.373371,4.89147822222222,0101000020E6100000A229C6AADF9013402D23F59ECA2F4A40,A01,A
11831,Dam,20666,6015,7,2017-12-10 11:00:00,52.373371,4.89147822222222,0101000020E6100000A229C6AADF9013402D23F59ECA2F4A40,A01,A
11832,Dam,22547,9322,7,2017-12-10 12:00:00,52.373371,4.89147822222222,0101000020E6100000A229C6AADF9013402D23F59ECA2F4A40,A01,A
11833,Dam,23101,13943,7,2017-12-10 13:00:00,52.373371,4.89147822222222,0101000020E6100000A229C6AADF9013402D23F59ECA2F4A40,A01,A
11834,Dam,22729,17718,7,2017-12-10 14:00:00,52.373371,4.89147822222222,0101000020E6100000A229C6AADF9013402D23F59ECA2F4A40,A01,A
11835,Dam,20917,21390,7,2017-12-10 15:00:00,52.373371,4.89147822222222,0101000020E6100000A229C6AADF9013402D23F59ECA2F4A40,A01,A
11836,Dam,18317,24137,7,2017-12-10 16:00:00,52.373371,4.89147822222222,0101000020E6100000A229C6AADF9013402D23F59ECA2F4A40,A01,A
11837,Dam,16269,24427,7,2017-12-10 17:00:00,52.373371,4.89147822222222,0101000020E6100000A229C6AADF9013402D23F59ECA2F4A40,A01,A
11838,Dam,13768,21793,7,2017-12-10 18:00:00,52.373371,4.89147822222222,0101000020E6100000A229C6AADF9013402D23F59ECA2F4A40,A01,A
11839,Dam,10956,18309,7,2017-12-10 19:00:00,52.373371,4.89147822222222,0101000020E6100000A229C6AADF9013402D23F59ECA2F4A40,A01,A
11840,Dam,9317,13977,7,2017-12-10 20:00:00,52.373371,4.89147822222222,0101000020E6100000A229C6AADF9013402D23F59ECA2F4A40,A01,A
11841,Dam,7562,11973,7,2017-12-10 21:00:00,52.373371,4.89147822222222,0101000020E6100000A229C6AADF9013402D23F59ECA2F4A40,A01,A
11842,Dam,5622,11884,7,2017-12-10 22:00:00,52.373371,4.89147822222222,0101000020E6100000A229C6AADF9013402D23F59ECA2F4A40,A01,A
11843,Dam,3407,9219,7,2017-12-10 23:00:00,52.373371,4.89147822222222,0101000020E6100000A229C6AADF9013402D23F59ECA2F4A40,A01,A
11844,Dam,1014,4070,6,2017-12-09 00:00:00,52.373371,4.89147822222222,0101000020E6100000A229C6AADF9013402D23F59ECA2F4A40,A01,A
11845,Dam,168,1154,6,2017-12-09 01:00:00,52.373371,4.89147822222222,0101000020E6100000A229C6AADF9013402D23F59ECA2F4A40,A01,A
11846,Dam,1866,4802,7,2017-12-10 02:00:00,52.373371,4.89147822222222,0101000020E6100000A229C6AADF9013402D23F59ECA2F4A40,A01,A
10623,Centraal Station,49902,66788,2,2017-12-05 07:00:00,52.3787587,4.89978016666667,0101000020E6100000ECB0D5F85F991340A9C9422A7B304A40,A01,A
10624,Centraal Station,68425,135277,2,2017-12-05 08:00:00,52.3787587,4.89978016666667,0101000020E6100000ECB0D5F85F991340A9C9422A7B304A40,A01,A
10625,Centraal Station,57506,97583,2,2017-12-05 09:00:00,52.3787587,4.89978016666667,0101000020E6100000ECB0D5F85F991340A9C9422A7B304A40,A01,A
10626,Centraal Station,63672,64831,2,2017-12-05 10:00:00,52.3787587,4.89978016666667,0101000020E6100000ECB0D5F85F991340A9C9422A7B304A40,A01,A
10627,Centraal Station,67575,61388,2,2017-12-05 11:00:00,52.3787587,4.89978016666667,0101000020E6100000ECB0D5F85F991340A9C9422A7B304A40,A01,A
10628,Centraal Station,67398,63273,2,2017-12-05 12:00:00,52.3787587,4.89978016666667,0101000020E6100000ECB0D5F85F991340A9C9422A7B304A40,A01,A
10629,Centraal Station,67435,64328,2,2017-12-05 13:00:00,52.3787587,4.89978016666667,0101000020E6100000ECB0D5F85F991340A9C9422A7B304A40,A01,A
10630,Centraal Station,74138,69715,2,2017-12-05 14:00:00,52.3787587,4.89978016666667,0101000020E6100000ECB0D5F85F991340A9C9422A7B304A40,A01,A
10631,Centraal Station,90392,76966,2,2017-12-05 15:00:00,52.3787587,4.89978016666667,0101000020E6100000ECB0D5F85F991340A9C9422A7B304A40,A01,A
10632,Centraal Station,110725,85165,2,2017-12-05 16:00:00,52.3787587,4.89978016666667,0101000020E6100000ECB0D5F85F991340A9C9422A7B304A40,A01,A
10633,Centraal Station,141849,102614,2,2017-12-05 17:00:00,52.3787587,4.89978016666667,0101000020E6100000ECB0D5F85F991340A9C9422A7B304A40,A01,A
10634,Centraal Station,93079,100344,2,2017-12-05 18:00:00,52.3787587,4.89978016666667,0101000020E6100000ECB0D5F85F991340A9C9422A7B304A40,A01,A
10635,Centraal Station,54630,72082,2,2017-12-05 19:00:00,52.3787587,4.89978016666667,0101000020E6100000ECB0D5F85F991340A9C9422A7B304A40,A01,A
10636,Centraal Station,42802,52602,2,2017-12-05 20:00:00,52.3787587,4.89978016666667,0101000020E6100000ECB0D5F85F991340A9C9422A7B304A40,A01,A
10637,Centraal Station,38633,49293,2,2017-12-05 21:00:00,52.3787587,4.89978016666667,0101000020E6100000ECB0D5F85F991340A9C9422A7B304A40,A01,A
10638,Centraal Station,34446,47382,2,2017-12-05 22:00:00,52.3787587,4.89978016666667,0101000020E6100000ECB0D5F85F991340A9C9422A7B304A40,A01,A
10639,Centraal Station,22372,35908,2,2017-12-05 23:00:00,52.3787587,4.89978016666667,0101000020E6100000ECB0D5F85F991340A9C9422A7B304A40,A01,A
10640,Centraal Station,5854,13736,1,2017-12-04 00:00:00,52.3787587,4.89978016666667,0101000020E6100000ECB0D5F85F991340A9C9422A7B304A40,A01,A
10641,Centraal Station,988,2659,1,2017-12-04 01:00:00,52.3787587,4.89978016666667,0101000020E6100000ECB0D5F85F991340A9C9422A7B304A40,A01,A
10642,Centraal Station,27847,28026,2,2017-12-05 02:00:00,52.3787587,4.89978016666667,0101000020E6100000ECB0D5F85F991340A9C9422A7B304A40,A01,A
10643,Centraal Station,50726,65420,4,2017-12-07 07:00:00,52.3787587,4.89978016666667,0101000020E6100000ECB0D5F85F991340A9C9422A7B304A40,A01,A
10644,Centraal Station,71915,137734,4,2017-12-07 08:00:00,52.3787587,4.89978016666667,0101000020E6100000ECB0D5F85F991340A9C9422A7B304A40,A01,A
10645,Centraal Station,57883,99878,4,2017-12-07 09:00:00,52.3787587,4.89978016666667,0101000020E6100000ECB0D5F85F991340A9C9422A7B304A40,A01,A
10646,Centraal Station,66486,68464,4,2017-12-07 10:00:00,52.3787587,4.89978016666667,0101000020E6100000ECB0D5F85F991340A9C9422A7B304A40,A01,A
10647,Centraal Station,70087,65753,4,2017-12-07 11:00:00,52.3787587,4.89978016666667,0101000020E6100000ECB0D5F85F991340A9C9422A7B304A40,A01,A
10648,Centraal Station,73599,68662,4,2017-12-07 12:00:00,52.3787587,4.89978016666667,0101000020E6100000ECB0D5F85F991340A9C9422A7B304A40,A01,A
10649,Centraal Station,73080,70756,4,2017-12-07 13:00:00,52.3787587,4.89978016666667,0101000020E6100000ECB0D5F85F991340A9C9422A7B304A40,A01,A
10650,Centraal Station,77951,75106,4,2017-12-07 14:00:00,52.3787587,4.89978016666667,0101000020E6100000ECB0D5F85F991340A9C9422A7B304A40,A01,A
10651,Centraal Station,94199,81490,4,2017-12-07 15:00:00,52.3787587,4.89978016666667,0101000020E6100000ECB0D5F85F991340A9C9422A7B304A40,A01,A
10652,Centraal Station,115768,89450,4,2017-12-07 16:00:00,52.3787587,4.89978016666667,0101000020E6100000ECB0D5F85F991340A9C9422A7B304A40,A01,A
10653,Centraal Station,144219,107681,4,2017-12-07 17:00:00,52.3787587,4.89978016666667,0101000020E6100000ECB0D5F85F991340A9C9422A7B304A40,A01,A
10654,Centraal Station,99758,105991,4,2017-12-07 18:00:00,52.3787587,4.89978016666667,0101000020E6100000ECB0D5F85F991340A9C9422A7B304A40,A01,A
10655,Centraal Station,61455,79499,4,2017-12-07 19:00:00,52.3787587,4.89978016666667,0101000020E6100000ECB0D5F85F991340A9C9422A7B304A40,A01,A
10656,Centraal Station,49352,62362,4,2017-12-07 20:00:00,52.3787587,4.89978016666667,0101000020E6100000ECB0D5F85F991340A9C9422A7B304A40,A01,A
10657,Centraal Station,48297,61892,4,2017-12-07 21:00:00,52.3787587,4.89978016666667,0101000020E6100000ECB0D5F85F991340A9C9422A7B304A40,A01,A
10658,Centraal Station,44224,54549,4,2017-12-07 22:00:00,52.3787587,4.89978016666667,0101000020E6100000ECB0D5F85F991340A9C9422A7B304A40,A01,A
10659,Centraal Station,30161,43960,4,2017-12-07 23:00:00,52.3787587,4.89978016666667,0101000020E6100000ECB0D5F85F991340A9C9422A7B304A40,A01,A
10660,Centraal Station,8430,17838,3,2017-12-06 00:00:00,52.3787587,4.89978016666667,0101000020E6100000ECB0D5F85F991340A9C9422A7B304A40,A01,A
10661,Centraal Station,1219,2931,3,2017-12-06 01:00:00,52.3787587,4.89978016666667,0101000020E6100000ECB0D5F85F991340A9C9422A7B304A40,A01,A
10662,Centraal Station,28541,28205,4,2017-12-07 02:00:00,52.3787587,4.89978016666667,0101000020E6100000ECB0D5F85F991340A9C9422A7B304A40,A01,A
10663,Centraal Station,48634,63114,1,2017-12-04 07:00:00,52.3787587,4.89978016666667,0101000020E6100000ECB0D5F85F991340A9C9422A7B304A40,A01,A
10664,Centraal Station,64933,133782,1,2017-12-04 08:00:00,52.3787587,4.89978016666667,0101000020E6100000ECB0D5F85F991340A9C9422A7B304A40,A01,A
10665,Centraal Station,52483,89687,1,2017-12-04 09:00:00,52.3787587,4.89978016666667,0101000020E6100000ECB0D5F85F991340A9C9422A7B304A40,A01,A
10666,Centraal Station,63357,64298,1,2017-12-04 10:00:00,52.3787587,4.89978016666667,0101000020E6100000ECB0D5F85F991340A9C9422A7B304A40,A01,A
10667,Centraal Station,67378,60827,1,2017-12-04 11:00:00,52.3787587,4.89978016666667,0101000020E6100000ECB0D5F85F991340A9C9422A7B304A40,A01,A
10668,Centraal Station,68011,62825,1,2017-12-04 12:00:00,52.3787587,4.89978016666667,0101000020E6100000ECB0D5F85F991340A9C9422A7B304A40,A01,A
10669,Centraal Station,67089,65098,1,2017-12-04 13:00:00,52.3787587,4.89978016666667,0101000020E6100000ECB0D5F85F991340A9C9422A7B304A40,A01,A
10670,Centraal Station,72117,68902,1,2017-12-04 14:00:00,52.3787587,4.89978016666667,0101000020E6100000ECB0D5F85F991340A9C9422A7B304A40,A01,A
10671,Centraal Station,87980,76058,1,2017-12-04 15:00:00,52.3787587,4.89978016666667,0101000020E6100000ECB0D5F85F991340A9C9422A7B304A40,A01,A
10672,Centraal Station,109608,81906,1,2017-12-04 16:00:00,52.3787587,4.89978016666667,0101000020E6100000ECB0D5F85F991340A9C9422A7B304A40,A01,A
10673,Centraal Station,139790,99792,1,2017-12-04 17:00:00,52.3787587,4.89978016666667,0101000020E6100000ECB0D5F85F991340A9C9422A7B304A40,A01,A
10674,Centraal Station,90685,98642,1,2017-12-04 18:00:00,52.3787587,4.89978016666667,0101000020E6100000ECB0D5F85F991340A9C9422A7B304A40,A01,A
10675,Centraal Station,52322,69927,1,2017-12-04 19:00:00,52.3787587,4.89978016666667,0101000020E6100000ECB0D5F85F991340A9C9422A7B304A40,A01,A
10676,Centraal Station,39420,52344,1,2017-12-04 20:00:00,52.3787587,4.89978016666667,0101000020E6100000ECB0D5F85F991340A9C9422A7B304A40,A01,A
10677,Centraal Station,34125,47998,1,2017-12-04 21:00:00,52.3787587,4.89978016666667,0101000020E6100000ECB0D5F85F991340A9C9422A7B304A40,A01,A
10678,Centraal Station,30494,45613,1,2017-12-04 22:00:00,52.3787587,4.89978016666667,0101000020E6100000ECB0D5F85F991340A9C9422A7B304A40,A01,A
10679,Centraal Station,19929,34373,1,2017-12-04 23:00:00,52.3787587,4.89978016666667,0101000020E6100000ECB0D5F85F991340A9C9422A7B304A40,A01,A
10680,Centraal Station,5613,13439,7,2017-12-10 00:00:00,52.3787587,4.89978016666667,0101000020E6100000ECB0D5F85F991340A9C9422A7B304A40,A01,A
10681,Centraal Station,938,2308,7,2017-12-10 01:00:00,52.3787587,4.89978016666667,0101000020E6100000ECB0D5F85F991340A9C9422A7B304A40,A01,A
10682,Centraal Station,27890,26852,1,2017-12-04 02:00:00,52.3787587,4.89978016666667,0101000020E6100000ECB0D5F85F991340A9C9422A7B304A40,A01,A
10683,Centraal Station,44083,54639,5,2017-12-08 07:00:00,52.3787587,4.89978016666667,0101000020E6100000ECB0D5F85F991340A9C9422A7B304A40,A01,A
10684,Centraal Station,65848,116297,5,2017-12-08 08:00:00,52.3787587,4.89978016666667,0101000020E6100000ECB0D5F85F991340A9C9422A7B304A40,A01,A
10685,Centraal Station,57252,87371,5,2017-12-08 09:00:00,52.3787587,4.89978016666667,0101000020E6100000ECB0D5F85F991340A9C9422A7B304A40,A01,A
10686,Centraal Station,67022,63970,5,2017-12-08 10:00:00,52.3787587,4.89978016666667,0101000020E6100000ECB0D5F85F991340A9C9422A7B304A40,A01,A
10687,Centraal Station,71868,63232,5,2017-12-08 11:00:00,52.3787587,4.89978016666667,0101000020E6100000ECB0D5F85F991340A9C9422A7B304A40,A01,A
10688,Centraal Station,75017,67441,5,2017-12-08 12:00:00,52.3787587,4.89978016666667,0101000020E6100000ECB0D5F85F991340A9C9422A7B304A40,A01,A
10689,Centraal Station,75711,71860,5,2017-12-08 13:00:00,52.3787587,4.89978016666667,0101000020E6100000ECB0D5F85F991340A9C9422A7B304A40,A01,A
10690,Centraal Station,79739,75933,5,2017-12-08 14:00:00,52.3787587,4.89978016666667,0101000020E6100000ECB0D5F85F991340A9C9422A7B304A40,A01,A
10691,Centraal Station,95506,82656,5,2017-12-08 15:00:00,52.3787587,4.89978016666667,0101000020E6100000ECB0D5F85F991340A9C9422A7B304A40,A01,A
10692,Centraal Station,107980,87522,5,2017-12-08 16:00:00,52.3787587,4.89978016666667,0101000020E6100000ECB0D5F85F991340A9C9422A7B304A40,A01,A
10693,Centraal Station,124747,103293,5,2017-12-08 17:00:00,52.3787587,4.89978016666667,0101000020E6100000ECB0D5F85F991340A9C9422A7B304A40,A01,A
10694,Centraal Station,95412,101721,5,2017-12-08 18:00:00,52.3787587,4.89978016666667,0101000020E6100000ECB0D5F85F991340A9C9422A7B304A40,A01,A
10695,Centraal Station,64130,83990,5,2017-12-08 19:00:00,52.3787587,4.89978016666667,0101000020E6100000ECB0D5F85F991340A9C9422A7B304A40,A01,A
10696,Centraal Station,51872,63990,5,2017-12-08 20:00:00,52.3787587,4.89978016666667,0101000020E6100000ECB0D5F85F991340A9C9422A7B304A40,A01,A
10697,Centraal Station,47160,59990,5,2017-12-08 21:00:00,52.3787587,4.89978016666667,0101000020E6100000ECB0D5F85F991340A9C9422A7B304A40,A01,A
10698,Centraal Station,48130,58582,5,2017-12-08 22:00:00,52.3787587,4.89978016666667,0101000020E6100000ECB0D5F85F991340A9C9422A7B304A40,A01,A
10699,Centraal Station,42158,55151,5,2017-12-08 23:00:00,52.3787587,4.89978016666667,0101000020E6100000ECB0D5F85F991340A9C9422A7B304A40,A01,A
10700,Centraal Station,15055,27005,4,2017-12-07 00:00:00,52.3787587,4.89978016666667,0101000020E6100000ECB0D5F85F991340A9C9422A7B304A40,A01,A
10701,Centraal Station,2668,4794,4,2017-12-07 01:00:00,52.3787587,4.89978016666667,0101000020E6100000ECB0D5F85F991340A9C9422A7B304A40,A01,A
10702,Centraal Station,26756,26091,5,2017-12-08 02:00:00,52.3787587,4.89978016666667,0101000020E6100000ECB0D5F85F991340A9C9422A7B304A40,A01,A
10703,Centraal Station,49401,61639,3,2017-12-06 07:00:00,52.3787587,4.89978016666667,0101000020E6100000ECB0D5F85F991340A9C9422A7B304A40,A01,A
10704,Centraal Station,71327,131302,3,2017-12-06 08:00:00,52.3787587,4.89978016666667,0101000020E6100000ECB0D5F85F991340A9C9422A7B304A40,A01,A
10705,Centraal Station,57860,91892,3,2017-12-06 09:00:00,52.3787587,4.89978016666667,0101000020E6100000ECB0D5F85F991340A9C9422A7B304A40,A01,A
10706,Centraal Station,64038,66749,3,2017-12-06 10:00:00,52.3787587,4.89978016666667,0101000020E6100000ECB0D5F85F991340A9C9422A7B304A40,A01,A
10707,Centraal Station,69701,63113,3,2017-12-06 11:00:00,52.3787587,4.89978016666667,0101000020E6100000ECB0D5F85F991340A9C9422A7B304A40,A01,A
10708,Centraal Station,71291,66226,3,2017-12-06 12:00:00,52.3787587,4.89978016666667,0101000020E6100000ECB0D5F85F991340A9C9422A7B304A40,A01,A
10709,Centraal Station,69774,67598,3,2017-12-06 13:00:00,52.3787587,4.89978016666667,0101000020E6100000ECB0D5F85F991340A9C9422A7B304A40,A01,A
10710,Centraal Station,74807,70966,3,2017-12-06 14:00:00,52.3787587,4.89978016666667,0101000020E6100000ECB0D5F85F991340A9C9422A7B304A40,A01,A
10711,Centraal Station,89716,78410,3,2017-12-06 15:00:00,52.3787587,4.89978016666667,0101000020E6100000ECB0D5F85F991340A9C9422A7B304A40,A01,A
10712,Centraal Station,109081,86027,3,2017-12-06 16:00:00,52.3787587,4.89978016666667,0101000020E6100000ECB0D5F85F991340A9C9422A7B304A40,A01,A
10713,Centraal Station,133859,106113,3,2017-12-06 17:00:00,52.3787587,4.89978016666667,0101000020E6100000ECB0D5F85F991340A9C9422A7B304A40,A01,A
10714,Centraal Station,94535,105169,3,2017-12-06 18:00:00,52.3787587,4.89978016666667,0101000020E6100000ECB0D5F85F991340A9C9422A7B304A40,A01,A
10715,Centraal Station,56210,76734,3,2017-12-06 19:00:00,52.3787587,4.89978016666667,0101000020E6100000ECB0D5F85F991340A9C9422A7B304A40,A01,A
10716,Centraal Station,44417,55570,3,2017-12-06 20:00:00,52.3787587,4.89978016666667,0101000020E6100000ECB0D5F85F991340A9C9422A7B304A40,A01,A
10717,Centraal Station,40524,52355,3,2017-12-06 21:00:00,52.3787587,4.89978016666667,0101000020E6100000ECB0D5F85F991340A9C9422A7B304A40,A01,A
10718,Centraal Station,38002,48854,3,2017-12-06 22:00:00,52.3787587,4.89978016666667,0101000020E6100000ECB0D5F85F991340A9C9422A7B304A40,A01,A
10719,Centraal Station,25755,38870,3,2017-12-06 23:00:00,52.3787587,4.89978016666667,0101000020E6100000ECB0D5F85F991340A9C9422A7B304A40,A01,A
10720,Centraal Station,6586,14494,2,2017-12-05 00:00:00,52.3787587,4.89978016666667,0101000020E6100000ECB0D5F85F991340A9C9422A7B304A40,A01,A
10721,Centraal Station,1061,2707,2,2017-12-05 01:00:00,52.3787587,4.89978016666667,0101000020E6100000ECB0D5F85F991340A9C9422A7B304A40,A01,A
10722,Centraal Station,27233,27116,3,2017-12-06 02:00:00,52.3787587,4.89978016666667,0101000020E6100000ECB0D5F85F991340A9C9422A7B304A40,A01,A
10723,Centraal Station,16760,12313,6,2017-12-09 07:00:00,52.3787587,4.89978016666667,0101000020E6100000ECB0D5F85F991340A9C9422A7B304A40,A01,A
10724,Centraal Station,27760,22390,6,2017-12-09 08:00:00,52.3787587,4.89978016666667,0101000020E6100000ECB0D5F85F991340A9C9422A7B304A40,A01,A
10725,Centraal Station,46492,37871,6,2017-12-09 09:00:00,52.3787587,4.89978016666667,0101000020E6100000ECB0D5F85F991340A9C9422A7B304A40,A01,A
10726,Centraal Station,66956,44317,6,2017-12-09 10:00:00,52.3787587,4.89978016666667,0101000020E6100000ECB0D5F85F991340A9C9422A7B304A40,A01,A
10727,Centraal Station,75294,57097,6,2017-12-09 11:00:00,52.3787587,4.89978016666667,0101000020E6100000ECB0D5F85F991340A9C9422A7B304A40,A01,A
10728,Centraal Station,76455,61821,6,2017-12-09 12:00:00,52.3787587,4.89978016666667,0101000020E6100000ECB0D5F85F991340A9C9422A7B304A40,A01,A
10729,Centraal Station,74591,68834,6,2017-12-09 13:00:00,52.3787587,4.89978016666667,0101000020E6100000ECB0D5F85F991340A9C9422A7B304A40,A01,A
10730,Centraal Station,74269,76355,6,2017-12-09 14:00:00,52.3787587,4.89978016666667,0101000020E6100000ECB0D5F85F991340A9C9422A7B304A40,A01,A
10731,Centraal Station,74622,80171,6,2017-12-09 15:00:00,52.3787587,4.89978016666667,0101000020E6100000ECB0D5F85F991340A9C9422A7B304A40,A01,A
10732,Centraal Station,74249,83613,6,2017-12-09 16:00:00,52.3787587,4.89978016666667,0101000020E6100000ECB0D5F85F991340A9C9422A7B304A40,A01,A
10733,Centraal Station,73550,89721,6,2017-12-09 17:00:00,52.3787587,4.89978016666667,0101000020E6100000ECB0D5F85F991340A9C9422A7B304A40,A01,A
10734,Centraal Station,66653,87653,6,2017-12-09 18:00:00,52.3787587,4.89978016666667,0101000020E6100000ECB0D5F85F991340A9C9422A7B304A40,A01,A
10735,Centraal Station,54283,75820,6,2017-12-09 19:00:00,52.3787587,4.89978016666667,0101000020E6100000ECB0D5F85F991340A9C9422A7B304A40,A01,A
10736,Centraal Station,48232,64752,6,2017-12-09 20:00:00,52.3787587,4.89978016666667,0101000020E6100000ECB0D5F85F991340A9C9422A7B304A40,A01,A
10737,Centraal Station,43552,59460,6,2017-12-09 21:00:00,52.3787587,4.89978016666667,0101000020E6100000ECB0D5F85F991340A9C9422A7B304A40,A01,A
10738,Centraal Station,45847,59410,6,2017-12-09 22:00:00,52.3787587,4.89978016666667,0101000020E6100000ECB0D5F85F991340A9C9422A7B304A40,A01,A
10739,Centraal Station,43273,57263,6,2017-12-09 23:00:00,52.3787587,4.89978016666667,0101000020E6100000ECB0D5F85F991340A9C9422A7B304A40,A01,A
10740,Centraal Station,15494,29632,5,2017-12-08 00:00:00,52.3787587,4.89978016666667,0101000020E6100000ECB0D5F85F991340A9C9422A7B304A40,A01,A
10741,Centraal Station,2969,5691,5,2017-12-08 01:00:00,52.3787587,4.89978016666667,0101000020E6100000ECB0D5F85F991340A9C9422A7B304A40,A01,A
10742,Centraal Station,16742,16567,6,2017-12-09 02:00:00,52.3787587,4.89978016666667,0101000020E6100000ECB0D5F85F991340A9C9422A7B304A40,A01,A
10743,Centraal Station,13543,8031,7,2017-12-10 07:00:00,52.3787587,4.89978016666667,0101000020E6100000ECB0D5F85F991340A9C9422A7B304A40,A01,A
10744,Centraal Station,21143,14732,7,2017-12-10 08:00:00,52.3787587,4.89978016666667,0101000020E6100000ECB0D5F85F991340A9C9422A7B304A40,A01,A
10745,Centraal Station,40783,25043,7,2017-12-10 09:00:00,52.3787587,4.89978016666667,0101000020E6100000ECB0D5F85F991340A9C9422A7B304A40,A01,A
10746,Centraal Station,61986,35152,7,2017-12-10 10:00:00,52.3787587,4.89978016666667,0101000020E6100000ECB0D5F85F991340A9C9422A7B304A40,A01,A
10747,Centraal Station,73152,50037,7,2017-12-10 11:00:00,52.3787587,4.89978016666667,0101000020E6100000ECB0D5F85F991340A9C9422A7B304A40,A01,A
10748,Centraal Station,74513,56216,7,2017-12-10 12:00:00,52.3787587,4.89978016666667,0101000020E6100000ECB0D5F85F991340A9C9422A7B304A40,A01,A
10749,Centraal Station,69040,64288,7,2017-12-10 13:00:00,52.3787587,4.89978016666667,0101000020E6100000ECB0D5F85F991340A9C9422A7B304A40,A01,A
10750,Centraal Station,64241,67391,7,2017-12-10 14:00:00,52.3787587,4.89978016666667,0101000020E6100000ECB0D5F85F991340A9C9422A7B304A40,A01,A
10751,Centraal Station,63265,70462,7,2017-12-10 15:00:00,52.3787587,4.89978016666667,0101000020E6100000ECB0D5F85F991340A9C9422A7B304A40,A01,A
10752,Centraal Station,65459,74329,7,2017-12-10 16:00:00,52.3787587,4.89978016666667,0101000020E6100000ECB0D5F85F991340A9C9422A7B304A40,A01,A
10753,Centraal Station,63426,77277,7,2017-12-10 17:00:00,52.3787587,4.89978016666667,0101000020E6100000ECB0D5F85F991340A9C9422A7B304A40,A01,A
10754,Centraal Station,55989,72658,7,2017-12-10 18:00:00,52.3787587,4.89978016666667,0101000020E6100000ECB0D5F85F991340A9C9422A7B304A40,A01,A
10755,Centraal Station,44847,65222,7,2017-12-10 19:00:00,52.3787587,4.89978016666667,0101000020E6100000ECB0D5F85F991340A9C9422A7B304A40,A01,A
10756,Centraal Station,37858,57155,7,2017-12-10 20:00:00,52.3787587,4.89978016666667,0101000020E6100000ECB0D5F85F991340A9C9422A7B304A40,A01,A
10757,Centraal Station,31182,51450,7,2017-12-10 21:00:00,52.3787587,4.89978016666667,0101000020E6100000ECB0D5F85F991340A9C9422A7B304A40,A01,A
10758,Centraal Station,28406,48992,7,2017-12-10 22:00:00,52.3787587,4.89978016666667,0101000020E6100000ECB0D5F85F991340A9C9422A7B304A40,A01,A
10759,Centraal Station,21546,37130,7,2017-12-10 23:00:00,52.3787587,4.89978016666667,0101000020E6100000ECB0D5F85F991340A9C9422A7B304A40,A01,A
10760,Centraal Station,5453,13663,6,2017-12-09 00:00:00,52.3787587,4.89978016666667,0101000020E6100000ECB0D5F85F991340A9C9422A7B304A40,A01,A
10761,Centraal Station,913,2437,6,2017-12-09 01:00:00,52.3787587,4.89978016666667,0101000020E6100000ECB0D5F85F991340A9C9422A7B304A40,A01,A
10762,Centraal Station,11294,12798,7,2017-12-10 02:00:00,52.3787587,4.89978016666667,0101000020E6100000ECB0D5F85F991340A9C9422A7B304A40,A01,A
51895,Spui,3103,1001,2,2017-12-05 07:00:00,52.36914825,4.8907,0101000020E610000055302AA9139013401590F63F402F4A40,A01,A
51896,Spui,8212,2135,2,2017-12-05 08:00:00,52.36914825,4.8907,0101000020E610000055302AA9139013401590F63F402F4A40,A01,A
51897,Spui,9471,2541,2,2017-12-05 09:00:00,52.36914825,4.8907,0101000020E610000055302AA9139013401590F63F402F4A40,A01,A
51898,Spui,8131,3016,2,2017-12-05 10:00:00,52.36914825,4.8907,0101000020E610000055302AA9139013401590F63F402F4A40,A01,A
51899,Spui,8490,4318,2,2017-12-05 11:00:00,52.36914825,4.8907,0101000020E610000055302AA9139013401590F63F402F4A40,A01,A
51900,Spui,9465,6166,2,2017-12-05 12:00:00,52.36914825,4.8907,0101000020E610000055302AA9139013401590F63F402F4A40,A01,A
51901,Spui,9262,7557,2,2017-12-05 13:00:00,52.36914825,4.8907,0101000020E610000055302AA9139013401590F63F402F4A40,A01,A
51902,Spui,9477,9165,2,2017-12-05 14:00:00,52.36914825,4.8907,0101000020E610000055302AA9139013401590F63F402F4A40,A01,A
51903,Spui,9382,11260,2,2017-12-05 15:00:00,52.36914825,4.8907,0101000020E610000055302AA9139013401590F63F402F4A40,A01,A
51904,Spui,8593,12727,2,2017-12-05 16:00:00,52.36914825,4.8907,0101000020E610000055302AA9139013401590F63F402F4A40,A01,A
51905,Spui,8497,14862,2,2017-12-05 17:00:00,52.36914825,4.8907,0101000020E610000055302AA9139013401590F63F402F4A40,A01,A
51906,Spui,6701,12003,2,2017-12-05 18:00:00,52.36914825,4.8907,0101000020E610000055302AA9139013401590F63F402F4A40,A01,A
51907,Spui,4456,8090,2,2017-12-05 19:00:00,52.36914825,4.8907,0101000020E610000055302AA9139013401590F63F402F4A40,A01,A
51908,Spui,2905,6014,2,2017-12-05 20:00:00,52.36914825,4.8907,0101000020E610000055302AA9139013401590F63F402F4A40,A01,A
51909,Spui,2282,5110,2,2017-12-05 21:00:00,52.36914825,4.8907,0101000020E610000055302AA9139013401590F63F402F4A40,A01,A
51910,Spui,1596,4661,2,2017-12-05 22:00:00,52.36914825,4.8907,0101000020E610000055302AA9139013401590F63F402F4A40,A01,A
51911,Spui,1121,3526,2,2017-12-05 23:00:00,52.36914825,4.8907,0101000020E610000055302AA9139013401590F63F402F4A40,A01,A
51912,Spui,357,1298,1,2017-12-04 00:00:00,52.36914825,4.8907,0101000020E610000055302AA9139013401590F63F402F4A40,A01,A
51913,Spui,44,212,1,2017-12-04 01:00:00,52.36914825,4.8907,0101000020E610000055302AA9139013401590F63F402F4A40,A01,A
51914,Spui,1657,672,2,2017-12-05 02:00:00,52.36914825,4.8907,0101000020E610000055302AA9139013401590F63F402F4A40,A01,A
51915,Spui,3184,935,4,2017-12-07 07:00:00,52.36914825,4.8907,0101000020E610000055302AA9139013401590F63F402F4A40,A01,A
51916,Spui,8576,2043,4,2017-12-07 08:00:00,52.36914825,4.8907,0101000020E610000055302AA9139013401590F63F402F4A40,A01,A
51917,Spui,9387,2295,4,2017-12-07 09:00:00,52.36914825,4.8907,0101000020E610000055302AA9139013401590F63F402F4A40,A01,A
51918,Spui,8737,3235,4,2017-12-07 10:00:00,52.36914825,4.8907,0101000020E610000055302AA9139013401590F63F402F4A40,A01,A
51919,Spui,9780,4571,4,2017-12-07 11:00:00,52.36914825,4.8907,0101000020E610000055302AA9139013401590F63F402F4A40,A01,A
51920,Spui,10096,6602,4,2017-12-07 12:00:00,52.36914825,4.8907,0101000020E610000055302AA9139013401590F63F402F4A40,A01,A
51921,Spui,10035,7969,4,2017-12-07 13:00:00,52.36914825,4.8907,0101000020E610000055302AA9139013401590F63F402F4A40,A01,A
51922,Spui,10161,10160,4,2017-12-07 14:00:00,52.36914825,4.8907,0101000020E610000055302AA9139013401590F63F402F4A40,A01,A
51923,Spui,10504,11560,4,2017-12-07 15:00:00,52.36914825,4.8907,0101000020E610000055302AA9139013401590F63F402F4A40,A01,A
51924,Spui,10749,13600,4,2017-12-07 16:00:00,52.36914825,4.8907,0101000020E610000055302AA9139013401590F63F402F4A40,A01,A
51925,Spui,10656,15686,4,2017-12-07 17:00:00,52.36914825,4.8907,0101000020E610000055302AA9139013401590F63F402F4A40,A01,A
51926,Spui,8937,12988,4,2017-12-07 18:00:00,52.36914825,4.8907,0101000020E610000055302AA9139013401590F63F402F4A40,A01,A
51927,Spui,6237,9381,4,2017-12-07 19:00:00,52.36914825,4.8907,0101000020E610000055302AA9139013401590F63F402F4A40,A01,A
51928,Spui,3637,7825,4,2017-12-07 20:00:00,52.36914825,4.8907,0101000020E610000055302AA9139013401590F63F402F4A40,A01,A
51929,Spui,2546,8399,4,2017-12-07 21:00:00,52.36914825,4.8907,0101000020E610000055302AA9139013401590F63F402F4A40,A01,A
51930,Spui,1982,5697,4,2017-12-07 22:00:00,52.36914825,4.8907,0101000020E610000055302AA9139013401590F63F402F4A40,A01,A
51931,Spui,1375,4238,4,2017-12-07 23:00:00,52.36914825,4.8907,0101000020E610000055302AA9139013401590F63F402F4A40,A01,A
51932,Spui,421,1416,3,2017-12-06 00:00:00,52.36914825,4.8907,0101000020E610000055302AA9139013401590F63F402F4A40,A01,A
51933,Spui,45,170,3,2017-12-06 01:00:00,52.36914825,4.8907,0101000020E610000055302AA9139013401590F63F402F4A40,A01,A
51934,Spui,1681,662,4,2017-12-07 02:00:00,52.36914825,4.8907,0101000020E610000055302AA9139013401590F63F402F4A40,A01,A
51935,Spui,3064,950,1,2017-12-04 07:00:00,52.36914825,4.8907,0101000020E610000055302AA9139013401590F63F402F4A40,A01,A
51936,Spui,8070,1974,1,2017-12-04 08:00:00,52.36914825,4.8907,0101000020E610000055302AA9139013401590F63F402F4A40,A01,A
51937,Spui,7558,2201,1,2017-12-04 09:00:00,52.36914825,4.8907,0101000020E610000055302AA9139013401590F63F402F4A40,A01,A
51938,Spui,7253,3038,1,2017-12-04 10:00:00,52.36914825,4.8907,0101000020E610000055302AA9139013401590F63F402F4A40,A01,A
51939,Spui,8371,3891,1,2017-12-04 11:00:00,52.36914825,4.8907,0101000020E610000055302AA9139013401590F63F402F4A40,A01,A
51940,Spui,9071,5487,1,2017-12-04 12:00:00,52.36914825,4.8907,0101000020E610000055302AA9139013401590F63F402F4A40,A01,A
51941,Spui,9236,7267,1,2017-12-04 13:00:00,52.36914825,4.8907,0101000020E610000055302AA9139013401590F63F402F4A40,A01,A
51942,Spui,8888,8601,1,2017-12-04 14:00:00,52.36914825,4.8907,0101000020E610000055302AA9139013401590F63F402F4A40,A01,A
51943,Spui,8871,10711,1,2017-12-04 15:00:00,52.36914825,4.8907,0101000020E610000055302AA9139013401590F63F402F4A40,A01,A
51944,Spui,8388,12165,1,2017-12-04 16:00:00,52.36914825,4.8907,0101000020E610000055302AA9139013401590F63F402F4A40,A01,A
51945,Spui,8421,14796,1,2017-12-04 17:00:00,52.36914825,4.8907,0101000020E610000055302AA9139013401590F63F402F4A40,A01,A
51946,Spui,6376,11865,1,2017-12-04 18:00:00,52.36914825,4.8907,0101000020E610000055302AA9139013401590F63F402F4A40,A01,A
51947,Spui,4236,7644,1,2017-12-04 19:00:00,52.36914825,4.8907,0101000020E610000055302AA9139013401590F63F402F4A40,A01,A
51948,Spui,2856,5432,1,2017-12-04 20:00:00,52.36914825,4.8907,0101000020E610000055302AA9139013401590F63F402F4A40,A01,A
51949,Spui,2074,4750,1,2017-12-04 21:00:00,52.36914825,4.8907,0101000020E610000055302AA9139013401590F63F402F4A40,A01,A
51950,Spui,1538,4220,1,2017-12-04 22:00:00,52.36914825,4.8907,0101000020E610000055302AA9139013401590F63F402F4A40,A01,A
51951,Spui,880,3207,1,2017-12-04 23:00:00,52.36914825,4.8907,0101000020E610000055302AA9139013401590F63F402F4A40,A01,A
51952,Spui,235,1211,7,2017-12-10 00:00:00,52.36914825,4.8907,0101000020E610000055302AA9139013401590F63F402F4A40,A01,A
51953,Spui,39,132,7,2017-12-10 01:00:00,52.36914825,4.8907,0101000020E610000055302AA9139013401590F63F402F4A40,A01,A
51954,Spui,1572,662,1,2017-12-04 02:00:00,52.36914825,4.8907,0101000020E610000055302AA9139013401590F63F402F4A40,A01,A
51955,Spui,2807,857,5,2017-12-08 07:00:00,52.36914825,4.8907,0101000020E610000055302AA9139013401590F63F402F4A40,A01,A
51956,Spui,7682,1868,5,2017-12-08 08:00:00,52.36914825,4.8907,0101000020E610000055302AA9139013401590F63F402F4A40,A01,A
51957,Spui,9027,2416,5,2017-12-08 09:00:00,52.36914825,4.8907,0101000020E610000055302AA9139013401590F63F402F4A40,A01,A
51958,Spui,8548,3148,5,2017-12-08 10:00:00,52.36914825,4.8907,0101000020E610000055302AA9139013401590F63F402F4A40,A01,A
51959,Spui,9574,4735,5,2017-12-08 11:00:00,52.36914825,4.8907,0101000020E610000055302AA9139013401590F63F402F4A40,A01,A
51960,Spui,10314,6147,5,2017-12-08 12:00:00,52.36914825,4.8907,0101000020E610000055302AA9139013401590F63F402F4A40,A01,A
51961,Spui,10455,8056,5,2017-12-08 13:00:00,52.36914825,4.8907,0101000020E610000055302AA9139013401590F63F402F4A40,A01,A
51962,Spui,10475,9724,5,2017-12-08 14:00:00,52.36914825,4.8907,0101000020E610000055302AA9139013401590F63F402F4A40,A01,A
51963,Spui,11070,12017,5,2017-12-08 15:00:00,52.36914825,4.8907,0101000020E610000055302AA9139013401590F63F402F4A40,A01,A
51964,Spui,10170,12908,5,2017-12-08 16:00:00,52.36914825,4.8907,0101000020E610000055302AA9139013401590F63F402F4A40,A01,A
51965,Spui,9672,14758,5,2017-12-08 17:00:00,52.36914825,4.8907,0101000020E610000055302AA9139013401590F63F402F4A40,A01,A
51966,Spui,7887,12827,5,2017-12-08 18:00:00,52.36914825,4.8907,0101000020E610000055302AA9139013401590F63F402F4A40,A01,A
51967,Spui,6330,9272,5,2017-12-08 19:00:00,52.36914825,4.8907,0101000020E610000055302AA9139013401590F63F402F4A40,A01,A
51968,Spui,4344,6717,5,2017-12-08 20:00:00,52.36914825,4.8907,0101000020E610000055302AA9139013401590F63F402F4A40,A01,A
51969,Spui,3222,5876,5,2017-12-08 21:00:00,52.36914825,4.8907,0101000020E610000055302AA9139013401590F63F402F4A40,A01,A
51970,Spui,2535,5873,5,2017-12-08 22:00:00,52.36914825,4.8907,0101000020E610000055302AA9139013401590F63F402F4A40,A01,A
51971,Spui,1878,5536,5,2017-12-08 23:00:00,52.36914825,4.8907,0101000020E610000055302AA9139013401590F63F402F4A40,A01,A
51972,Spui,742,2312,4,2017-12-07 00:00:00,52.36914825,4.8907,0101000020E610000055302AA9139013401590F63F402F4A40,A01,A
51973,Spui,115,402,4,2017-12-07 01:00:00,52.36914825,4.8907,0101000020E610000055302AA9139013401590F63F402F4A40,A01,A
51974,Spui,1549,826,5,2017-12-08 02:00:00,52.36914825,4.8907,0101000020E610000055302AA9139013401590F63F402F4A40,A01,A
51975,Spui,3069,1013,3,2017-12-06 07:00:00,52.36914825,4.8907,0101000020E610000055302AA9139013401590F63F402F4A40,A01,A
51976,Spui,8516,1973,3,2017-12-06 08:00:00,52.36914825,4.8907,0101000020E610000055302AA9139013401590F63F402F4A40,A01,A
51977,Spui,8968,2459,3,2017-12-06 09:00:00,52.36914825,4.8907,0101000020E610000055302AA9139013401590F63F402F4A40,A01,A
51978,Spui,8646,3123,3,2017-12-06 10:00:00,52.36914825,4.8907,0101000020E610000055302AA9139013401590F63F402F4A40,A01,A
51979,Spui,9555,4451,3,2017-12-06 11:00:00,52.36914825,4.8907,0101000020E610000055302AA9139013401590F63F402F4A40,A01,A
51980,Spui,9880,6227,3,2017-12-06 12:00:00,52.36914825,4.8907,0101000020E610000055302AA9139013401590F63F402F4A40,A01,A
51981,Spui,9503,8027,3,2017-12-06 13:00:00,52.36914825,4.8907,0101000020E610000055302AA9139013401590F63F402F4A40,A01,A
51982,Spui,9916,9438,3,2017-12-06 14:00:00,52.36914825,4.8907,0101000020E610000055302AA9139013401590F63F402F4A40,A01,A
51983,Spui,9302,11234,3,2017-12-06 15:00:00,52.36914825,4.8907,0101000020E610000055302AA9139013401590F63F402F4A40,A01,A
51984,Spui,8994,12664,3,2017-12-06 16:00:00,52.36914825,4.8907,0101000020E610000055302AA9139013401590F63F402F4A40,A01,A
51985,Spui,9165,15308,3,2017-12-06 17:00:00,52.36914825,4.8907,0101000020E610000055302AA9139013401590F63F402F4A40,A01,A
51986,Spui,7118,12552,3,2017-12-06 18:00:00,52.36914825,4.8907,0101000020E610000055302AA9139013401590F63F402F4A40,A01,A
51987,Spui,4784,8373,3,2017-12-06 19:00:00,52.36914825,4.8907,0101000020E610000055302AA9139013401590F63F402F4A40,A01,A
51988,Spui,3031,6317,3,2017-12-06 20:00:00,52.36914825,4.8907,0101000020E610000055302AA9139013401590F63F402F4A40,A01,A
51989,Spui,2490,5353,3,2017-12-06 21:00:00,52.36914825,4.8907,0101000020E610000055302AA9139013401590F63F402F4A40,A01,A
51990,Spui,1927,5014,3,2017-12-06 22:00:00,52.36914825,4.8907,0101000020E610000055302AA9139013401590F63F402F4A40,A01,A
51991,Spui,1231,3773,3,2017-12-06 23:00:00,52.36914825,4.8907,0101000020E610000055302AA9139013401590F63F402F4A40,A01,A
51992,Spui,303,1325,2,2017-12-05 00:00:00,52.36914825,4.8907,0101000020E610000055302AA9139013401590F63F402F4A40,A01,A
51993,Spui,34,221,2,2017-12-05 01:00:00,52.36914825,4.8907,0101000020E610000055302AA9139013401590F63F402F4A40,A01,A
51994,Spui,1651,770,3,2017-12-06 02:00:00,52.36914825,4.8907,0101000020E610000055302AA9139013401590F63F402F4A40,A01,A
51995,Spui,1130,306,6,2017-12-09 07:00:00,52.36914825,4.8907,0101000020E610000055302AA9139013401590F63F402F4A40,A01,A
51996,Spui,2651,793,6,2017-12-09 08:00:00,52.36914825,4.8907,0101000020E610000055302AA9139013401590F63F402F4A40,A01,A
51997,Spui,5840,1549,6,2017-12-09 09:00:00,52.36914825,4.8907,0101000020E610000055302AA9139013401590F63F402F4A40,A01,A
51998,Spui,7288,2645,6,2017-12-09 10:00:00,52.36914825,4.8907,0101000020E610000055302AA9139013401590F63F402F4A40,A01,A
51999,Spui,9932,3903,6,2017-12-09 11:00:00,52.36914825,4.8907,0101000020E610000055302AA9139013401590F63F402F4A40,A01,A
52000,Spui,10835,5757,6,2017-12-09 12:00:00,52.36914825,4.8907,0101000020E610000055302AA9139013401590F63F402F4A40,A01,A
52001,Spui,11630,7683,6,2017-12-09 13:00:00,52.36914825,4.8907,0101000020E610000055302AA9139013401590F63F402F4A40,A01,A
52002,Spui,11524,9779,6,2017-12-09 14:00:00,52.36914825,4.8907,0101000020E610000055302AA9139013401590F63F402F4A40,A01,A
52003,Spui,10974,11925,6,2017-12-09 15:00:00,52.36914825,4.8907,0101000020E610000055302AA9139013401590F63F402F4A40,A01,A
52004,Spui,10099,13779,6,2017-12-09 16:00:00,52.36914825,4.8907,0101000020E610000055302AA9139013401590F63F402F4A40,A01,A
52005,Spui,8352,14341,6,2017-12-09 17:00:00,52.36914825,4.8907,0101000020E610000055302AA9139013401590F63F402F4A40,A01,A
52006,Spui,6811,12784,6,2017-12-09 18:00:00,52.36914825,4.8907,0101000020E610000055302AA9139013401590F63F402F4A40,A01,A
52007,Spui,5130,9961,6,2017-12-09 19:00:00,52.36914825,4.8907,0101000020E610000055302AA9139013401590F63F402F4A40,A01,A
52008,Spui,4068,6668,6,2017-12-09 20:00:00,52.36914825,4.8907,0101000020E610000055302AA9139013401590F63F402F4A40,A01,A
52009,Spui,3036,6143,6,2017-12-09 21:00:00,52.36914825,4.8907,0101000020E610000055302AA9139013401590F63F402F4A40,A01,A
52010,Spui,2535,5660,6,2017-12-09 22:00:00,52.36914825,4.8907,0101000020E610000055302AA9139013401590F63F402F4A40,A01,A
52011,Spui,2339,5371,6,2017-12-09 23:00:00,52.36914825,4.8907,0101000020E610000055302AA9139013401590F63F402F4A40,A01,A
52012,Spui,872,2452,5,2017-12-08 00:00:00,52.36914825,4.8907,0101000020E610000055302AA9139013401590F63F402F4A40,A01,A
52013,Spui,159,459,5,2017-12-08 01:00:00,52.36914825,4.8907,0101000020E610000055302AA9139013401590F63F402F4A40,A01,A
52014,Spui,800,1500,6,2017-12-09 02:00:00,52.36914825,4.8907,0101000020E610000055302AA9139013401590F63F402F4A40,A01,A
52015,Spui,569,263,7,2017-12-10 07:00:00,52.36914825,4.8907,0101000020E610000055302AA9139013401590F63F402F4A40,A01,A
52016,Spui,1379,590,7,2017-12-10 08:00:00,52.36914825,4.8907,0101000020E610000055302AA9139013401590F63F402F4A40,A01,A
52017,Spui,3400,1212,7,2017-12-10 09:00:00,52.36914825,4.8907,0101000020E610000055302AA9139013401590F63F402F4A40,A01,A
52018,Spui,6401,2011,7,2017-12-10 10:00:00,52.36914825,4.8907,0101000020E610000055302AA9139013401590F63F402F4A40,A01,A
52019,Spui,9688,3259,7,2017-12-10 11:00:00,52.36914825,4.8907,0101000020E610000055302AA9139013401590F63F402F4A40,A01,A
52020,Spui,10250,5188,7,2017-12-10 12:00:00,52.36914825,4.8907,0101000020E610000055302AA9139013401590F63F402F4A40,A01,A
52021,Spui,10551,6927,7,2017-12-10 13:00:00,52.36914825,4.8907,0101000020E610000055302AA9139013401590F63F402F4A40,A01,A
52022,Spui,10504,8479,7,2017-12-10 14:00:00,52.36914825,4.8907,0101000020E610000055302AA9139013401590F63F402F4A40,A01,A
52023,Spui,9746,10694,7,2017-12-10 15:00:00,52.36914825,4.8907,0101000020E610000055302AA9139013401590F63F402F4A40,A01,A
52024,Spui,8007,11750,7,2017-12-10 16:00:00,52.36914825,4.8907,0101000020E610000055302AA9139013401590F63F402F4A40,A01,A
52025,Spui,6384,11676,7,2017-12-10 17:00:00,52.36914825,4.8907,0101000020E610000055302AA9139013401590F63F402F4A40,A01,A
52026,Spui,5313,10261,7,2017-12-10 18:00:00,52.36914825,4.8907,0101000020E610000055302AA9139013401590F63F402F4A40,A01,A
52027,Spui,3700,6880,7,2017-12-10 19:00:00,52.36914825,4.8907,0101000020E610000055302AA9139013401590F63F402F4A40,A01,A
52028,Spui,2741,5544,7,2017-12-10 20:00:00,52.36914825,4.8907,0101000020E610000055302AA9139013401590F63F402F4A40,A01,A
52029,Spui,2001,4256,7,2017-12-10 21:00:00,52.36914825,4.8907,0101000020E610000055302AA9139013401590F63F402F4A40,A01,A
52030,Spui,1474,3745,7,2017-12-10 22:00:00,52.36914825,4.8907,0101000020E610000055302AA9139013401590F63F402F4A40,A01,A
52031,Spui,1066,2948,7,2017-12-10 23:00:00,52.36914825,4.8907,0101000020E610000055302AA9139013401590F63F402F4A40,A01,A
52032,Spui,274,1110,6,2017-12-09 00:00:00,52.36914825,4.8907,0101000020E610000055302AA9139013401590F63F402F4A40,A01,A
52033,Spui,32,156,6,2017-12-09 01:00:00,52.36914825,4.8907,0101000020E610000055302AA9139013401590F63F402F4A40,A01,A
52034,Spui,312,1500,7,2017-12-10 02:00:00,52.36914825,4.8907,0101000020E610000055302AA9139013401590F63F402F4A40,A01,A
